clinic_name,website,email,city,state,services,instagram,notes
Glow Esthetics,https://glowesthetics.com,info@glowesthetics.com,Miami,FL,"Botox, Fillers",@glow_esthetics,
Zen Medical Spa,https://zenmedspa.com,contact@zenmedspa.com,New York,NY,"Laser, Facials",@zen_med_spa,
Clean Skin Clinic,https://cleanskin.com,hello@cleanskin.com,Austin,TX,"Acne, Peels",@cleanskin_tx,
Rejuvenate Now,https://rejuvenatemiami.com,appt@rejuvenatemiami.com,Miami,FL,"Injectables, Radiofrequency",@rejuvenatemiami,
Luxe MedSpa,https://luxemedspa.com,info@luxemedspa.com,Los Angeles,CA,"Botox, CoolSculpting",@luxemedspa_la,
Radiance MedSpa,https://radiancemedspa.com,info@radiancemedspa.com,Chicago,IL,"Botox, Laser",@radiance_chicago,
Pure Skin,https://pureskin.com,hello@pureskin.com,Denver,CO,"Facials, Peels",@pureskin_denver,
Elite Aesthetics,https://eliteaesthetics.com,contact@eliteaesthetics.com,Houston,TX,"Fillers, CoolSculpting",@elite_houston,
Timeless Beauty,https://timelessbeauty.com,appt@timelessbeauty.com,Seattle,WA,"Injectables, Laser",@timeless_seattle,
Bella Visage,https://bellavisage.com,info@bellavisage.com,San Francisco,CA,"Botox, Facials",@bellavisage_sf,
